"restaurant_id";"name";"cuisine_type";"location";"owner_name";"average_delivery_time";"contact_number";"rating";"total_orders";"is_active"
100000;"Sarkar Ltd";"Punjabi";"Ranchi";"Chavvi Ramesh";60;"03277071010";3.7;1891;"1"
100001;"Nadkarni-Golla";"Odisha";"Panipat";"Atharv Chaudhry";60;"+914801800085";2.4;3396;"1"
100002;"Pillay, Bhalla and Karpe";"Kashmiri";"Thrissur";"Frado Deshmukh";29;"+916924481613";4.6;1527;"0"
100003;"Dave Ltd";"Karnataka";"Bardhaman";"Upkaar Batra";33;"01212816000";3.2;2621;"1"
100004;"Chauhan, Mutti and Hora";"Bengali";"Anand";"Praneel Barad";29;"06612052150";1.5;4901;"0"
100005;"Mahal, Bandi and Pillai";"Tamil";"Madurai";"Advaith Sood";48;"2753219802";3.1;883;"1"
100006;"Babu Ltd";"Kerala";"Gandhidham";"Samuel Ramesh";49;"+918591925430";1.6;1270;"0"
100007;"Deshmukh-Kamdar";"Kerala";"Eluru";"Yashoda Bansal";43;"06703284282";3.5;259;"0"
100008;"Memon, Din and Jha";"North Indian";"Satara";"Nikita Gopal";60;"8766477800";4.2;4113;"0"
100009;"Zachariah-Ravel";"Kerala";"Kulti";"Urishilla Iyengar";35;"01181347287";3.7;2352;"0"
100010;"Varty, Talwar and Taneja";"North Indian";"Tirunelveli";"Ikshita Zachariah";35;"08539429350";4.5;1230;"1"
100011;"Aggarwal Ltd";"Goan";"Hapur";"Luke Setty";20;"+913224646091";3.1;1810;"0"
100012;"Sandhu-Mander";"Andhra";"Bikaner";"Laksh Varma";26;"+916414353069";2.4;2844;"0"
100013;"Varty, Zachariah and Bahri";"Bihari";"Jaipur";"Zaid Comar";29;"02119491960";3.0;202;"0"
100014;"Patil-Muni";"Maharashtrian";"Bhiwani";"Yoshita Lall";41;"02070260258";3.6;3567;"0"
100015;"Balay Ltd";"Rajasthani";"Dehri";"Sara Thaker";27;"+915093928488";2.2;840;"1"
100016;"Varughese, Thakkar and Dutt";"Karnataka";"Narasaraopet";"Tanvi Jayaraman";54;"08666584072";1.8;2391;"0"
100017;"Sama and Sons";"Gujarati";"Bijapur";"Rajata Hora";43;"+916543488819";4.1;2629;"1"
100018;"Andra PLC";"Goan";"Motihari";"Ayush Bobal";56;"0911445067";3.0;2008;"1"
100019;"Dass, Mallick and Goel";"South Indian";"Panihati";"Isaiah Chaudhry";42;"06809078194";1.2;4728;"0"
100020;"Pathak, Kalita and Sankar";"Karnataka";"Jalna";"Christopher Varty";26;"+913758704818";3.0;2290;"1"
100021;"Chaudhry LLC";"Maharashtrian";"Burhanpur";"Anvi Dube";27;"5080295061";3.9;3758;"1"
100022;"Kuruvilla PLC";"Kerala";"Hapur";"Eshana Talwar";24;"+919805211683";1.3;4677;"0"
100023;"Mann LLC";"Odisha";"Sambalpur";"Daksha Golla";60;"7253454076";2.0;139;"0"
100024;"Palan-Sant";"North Indian";"Farrukhabad";"Mitesh Seth";30;"8019944694";2.1;4575;"0"
100025;"Reddy and Sons";"Kerala";"Baranagar";"Mitali Balasubramanian";50;"01712231049";4.5;408;"1"
100026;"Dara, Rattan and Bedi";"Andhra";"Mathura";"Om Joshi";25;"6334215656";4.9;4737;"0"
100027;"Chana PLC";"Gujarati";"Gaya";"Jasmit Dada";60;"0808427868";4.1;4640;"1"
100028;"Maharaj and Sons";"Punjabi";"Vijayawada";"Ubika Nayar";27;"02012869336";4.4;2157;"0"
100029;"Sabharwal LLC";"Bihari";"Shimla";"Michael Memon";45;"2516773972";1.1;1222;"0"
100030;"Jain, Nagarajan and Bhatti";"Gujarati";"Pimpri-Chinchwad";"Sarthak Sangha";35;"4500708205";2.1;3207;"1"
100031;"Din Ltd";"Punjabi";"Bardhaman";"Anusha Saxena";49;"1657759903";3.8;401;"1"
100032;"Mutti, Bhatti and Dutt";"Maharashtrian";"Muzaffarpur";"Yahvi Kata";37;"1794428162";2.3;1246;"1"
100033;"Sinha, Srinivas and Zacharia";"Bengali";"Bijapur";"Lipika Yohannan";56;"+911359090969";1.2;1936;"0"
100034;"Merchant Ltd";"Maharashtrian";"Bhagalpur";"Kabir Thaker";50;"01848791703";1.5;524;"1"
100035;"Kaur-Chand";"Kerala";"Bhilwara";"Vedhika Balan";29;"+912771039711";3.2;2996;"0"
100036;"Chhabra Inc";"Rajasthani";"Aurangabad";"Viraj Nath";57;"+910671451645";2.8;1234;"1"
100037;"Bobal, Sani and Kumer";"Maharashtrian";"Giridih";"Gopal Ben";52;"03102282220";2.1;2827;"1"
100038;"Aurora, Shukla and Banik";"Gujarati";"Proddatur";"Zehaan Bahri";20;"+910867863897";4.8;4250;"1"
100039;"Toor, Bumb and More";"South Indian";"Kurnool";"Nilima Banerjee";37;"+911879214580";1.1;2068;"1"
100040;"Chakrabarti-Bhardwaj";"Andhra";"Cuttack";"Oscar Pradhan";31;"+918275699445";4.3;3663;"1"
100041;"Pandey-Suri";"Tamil";"Hajipur";"Jeet Singhal";59;"3414680983";2.4;1215;"1"
100042;"Badami, Khatri and Mahajan";"Kerala";"Dehradun";"Gabriel Pandit";43;"+917636501986";2.5;2200;"0"
100043;"Goda-Kalita";"Odisha";"Bareilly";"Onveer Dara";53;"1488483985";4.8;3273;"1"
100044;"Seth PLC";"Goan";"Guntakal";"Jasmit Nayar";58;"1965531796";4.1;4537;"1"
100045;"Sankaran-Dewan";"Bengali";"Rourkela";"Ekaja Bhalla";55;"+917846037044";4.2;1332;"1"
100046;"Varty Inc";"Punjabi";"Anantapur";"Watika Bajaj";40;"2601612220";3.3;2339;"1"
100047;"Narang LLC";"Bengali";"Dhule";"Hitesh Mukhopadhyay";20;"05517715976";2.6;1706;"1"
100048;"Dhar-Sabharwal";"Kerala";"Asansol";"Dhruv Buch";60;"9356715117";1.3;3850;"0"
100049;"Hans-Lalla";"Tamil";"Nashik";"Christopher Madan";54;"05778632779";2.5;3119;"1"
100050;"Seshadri-Goel";"Punjabi";"Jorhat";"Diya Bassi";36;"00699627399";3.7;2716;"0"
100051;"Sathe and Sons";"Kerala";"Rampur";"Tanish Bath";31;"01617372541";3.6;3098;"1"
100052;"Aurora and Sons";"Punjabi";"Giridih";"Riya Sant";38;"+917465698030";5.0;4734;"0"
100053;"Mittal, Bhatti and Bahri";"Bengali";"Rajkot";"Shivani Srivastava";48;"+913848831771";2.2;3148;"1"
100054;"Kumar-Prashad";"Tamil";"Muzaffarpur";"Lavanya Kalita";56;"3541433288";4.1;3833;"1"
100055;"Amble-Chopra";"Punjabi";"Thanjavur";"Tejas Lala";24;"08045599985";1.1;577;"0"
100056;"Rama Inc";"Kerala";"Navi Mumbai";"Shaurya Ramesh";59;"+912218221733";3.3;1325;"0"
100057;"Manda-Majumdar";"Kerala";"Mangalore";"Siddharth Comar";31;"08309017284";3.5;3397;"1"
100058;"Saini, Savant and Barad";"Maharashtrian";"Ongole";"Ladli Prabhakar";22;"9631534840";3.1;2385;"1"
100059;"Mallick Ltd";"Bihari";"Bhiwandi";"Baljiwan Sekhon";23;"3396701482";1.6;1038;"1"
100060;"Baria-Khosla";"Bengali";"Nagaon";"Qushi Baral";21;"+911037397135";4.1;2685;"1"
100061;"Prasad-Sura";"Andhra";"Fatehpur";"Yashasvi Om";53;"6312764231";1.9;3096;"0"
100062;"Goel, Varkey and Nagy";"North Indian";"Vijayanagaram";"Darika Majumdar";49;"4706504958";4.9;2254;"1"
100063;"Sankar Ltd";"South Indian";"Bathinda";"Ekani Baral";30;"+910749612782";1.4;1648;"1"
100064;"Dewan LLC";"Tamil";"Dhule";"Nathaniel Arora";31;"06120972507";4.0;1872;"0"
100065;"Gopal-Mital";"Maharashtrian";"Tadepalligudem";"Baghyawati Morar";29;"05464963056";2.3;2698;"1"
100066;"Patel-Dora";"Maharashtrian";"Akola";"Hardik Ahuja";25;"01081408499";2.1;4413;"1"
100067;"Natt-Sha";"Odisha";"Rajkot";"Yuvraj Nagi";44;"+912931081367";2.2;3296;"1"
100068;"Khatri-Datta";"Goan";"Gudivada";"Chameli Mistry";56;"2422533579";4.3;4651;"0"
100069;"Dhar and Sons";"Bihari";"Asansol";"Oeshi Mukhopadhyay";46;"+916072733537";2.2;714;"1"
100070;"Kaur, Sathe and Toor";"North Indian";"Siwan";"Viraj Johal";39;"+914904773797";4.9;709;"0"
100071;"Bala-Ratta";"Maharashtrian";"Bhalswa Jahangir Pur";"Gautam Krishnan";52;"08584421420";3.3;3719;"0"
100072;"Nanda LLC";"Maharashtrian";"Bhimavaram";"Upkaar Sagar";60;"+917909269178";3.0;785;"0"
100073;"Natt LLC";"Andhra";"Allahabad";"Abhiram D’Alia";24;"+912204110093";2.7;3656;"1"
100074;"Srinivas and Sons";"Bengali";"Anantapur";"Eta Deol";54;"06896894340";1.3;1919;"0"
100075;"Goel, Rau and Dara";"Andhra";"Proddatur";"Pavani Dhillon";21;"04782813509";1.4;1857;"0"
100076;"Mander-Tank";"Maharashtrian";"Bidhannagar";"Mitesh Mohanty";36;"+916329303176";2.5;1377;"1"
100077;"Arora, Sampath and Garde";"Goan";"Buxar";"Isaiah Bobal";55;"+917858510084";3.8;3836;"1"
100078;"Balakrishnan, Rau and Sarma";"South Indian";"Tirunelveli";"Sudiksha Raghavan";50;"04797118967";2.0;3834;"1"
100079;"Khanna-Uppal";"Bengali";"Kavali";"Zilmil Tella";41;"08728300349";1.4;4192;"0"
100080;"Choudhury-Solanki";"Kashmiri";"Sri Ganganagar";"Gaurang Sankar";31;"1105559844";1.6;837;"1"
100081;"Murty LLC";"Bengali";"Udupi";"Anvi Narayan";28;"7875556777";1.7;938;"0"
100082;"Dhar-Rastogi";"Kerala";"Warangal";"Dhriti Ravel";33;"3479120036";4.5;2999;"0"
100083;"Sura-Nadkarni";"South Indian";"Siwan";"Gautam Srinivasan";36;"+918103536899";1.6;4420;"0"
100084;"Dalal LLC";"Tamil";"Gudivada";"Yug Brahmbhatt";31;"+917205217376";2.0;4281;"0"
100085;"Tella Group";"Karnataka";"Sri Ganganagar";"Robert Parmar";36;"+915710909629";2.7;2022;"1"
100086;"Nagarajan, Muni and Dhingra";"Karnataka";"Coimbatore";"Odika Kala";24;"+915339405883";3.3;3501;"1"
100087;"Bains-Mistry";"Andhra";"Bulandshahr";"Andrew Peri";25;"4200871629";1.3;1175;"1"
100088;"Jha and Sons";"Maharashtrian";"Nashik";"Charan Deo";59;"5037720840";3.9;4357;"1"
100089;"Prasad, Pau and Bora";"Bihari";"Cuttack";"Onkar Menon";47;"+913648085301";4.8;4794;"1"
100090;"Soman PLC";"Karnataka";"Shahjahanpur";"Darsh Zachariah";28;"1269141494";1.1;201;"0"
100091;"Khatri, Palla and Khalsa";"Karnataka";"Vijayawada";"Ryan Viswanathan";20;"+910944236331";1.8;4709;"1"
100092;"Zachariah, Thakur and Naik";"Gujarati";"Kollam";"Fariq Ramaswamy";23;"01183140366";4.2;166;"1"
100093;"Madan LLC";"Maharashtrian";"Bhavnagar";"Tara Kalla";57;"03472396356";3.0;161;"0"
100094;"Lalla-Yadav";"Punjabi";"Bally";"Harrison Gulati";51;"09372111287";4.4;2191;"1"
100095;"Roy-Pillai";"Maharashtrian";"Barasat";"Vanya Nath";20;"08135917481";2.5;1765;"1"
100096;"Agarwal, Wali and Sura";"North Indian";"Bidhannagar";"Anthony Johal";41;"0097799140";2.6;376;"0"
100097;"Devi and Sons";"Odisha";"Dhule";"Upadhriti Bahri";21;"7528773630";4.6;1599;"1"
100098;"Balan, Bhavsar and Aggarwal";"Karnataka";"Tezpur";"Chakradev Dave";33;"06971250304";2.7;3355;"0"
100099;"Panchal, Roy and Chandra";"South Indian";"Dhule";"Avni Sahota";39;"+912566587280";2.9;2513;"1"
100100;"Aurora-Palla";"Gujarati";"Karnal";"Aditya Bava";57;"9988021359";4.9;2005;"1"
100101;"Rao-Tailor";"Kashmiri";"Kalyan-Dombivli";"Raghav Dutt";27;"01205629891";3.9;2340;"0"
100102;"Kalla Group";"Gujarati";"Tirupati";"Anmol Bassi";38;"07767451121";3.2;3189;"0"
100103;"Divan-Bhatnagar";"Andhra";"Raichur";"Ridhi Nagy";27;"+918420459083";1.5;1298;"0"
100104;"Bora-Ramanathan";"Gujarati";"Fatehpur";"Hema Biswas";31;"3657009471";4.5;4066;"1"
100105;"Dutta Inc";"Kashmiri";"Orai";"Ryan Kadakia";30;"5808624202";2.1;3501;"0"
100106;"Sem-Arora";"Karnataka";"Dehradun";"Zinal Wali";58;"4927666922";3.4;1709;"0"
100107;"Ganesan-Sarna";"Bihari";"Bhatpara";"Vrishti Seshadri";39;"02457876794";2.6;1730;"1"
100108;"Soni, Pandya and Bawa";"Goan";"Mau";"Girish Chaudhari";36;"0734245844";4.5;4157;"1"
100109;"Sama-Buch";"Kerala";"Jehanabad";"Ladli Sarma";52;"+918559874282";3.8;1126;"0"
100110;"Doctor, Doctor and Rajan";"Karnataka";"Gangtok";"Barkha Narula";29;"+919756034214";2.6;164;"1"
100111;"Dyal Inc";"South Indian";"Panipat";"Pavani Ganguly";59;"08780237421";2.9;3537;"1"
100112;"Kari LLC";"Kashmiri";"Sambhal";"Bhanumati Bal";45;"07147952044";1.7;1525;"1"
100113;"Thakkar PLC";"Kerala";"Sikar";"Harita Shankar";58;"+918100756185";1.6;4123;"1"
100114;"Chauhan, Mitter and Chand";"Bengali";"Silchar";"Siddharth Kata";39;"3297310229";3.1;1763;"0"
100115;"Dutt Ltd";"Punjabi";"Kishanganj";"Charvi Yadav";41;"9034874321";4.9;1480;"1"
100116;"Mannan Group";"Kerala";"Bhusawal";"Frado Mutti";48;"9420870857";2.2;1876;"1"
100117;"Trivedi and Sons";"Karnataka";"Bilaspur";"Qushi Kashyap";31;"+913291671226";1.2;1433;"1"
100118;"Ray, Hayer and Shroff";"Kashmiri";"Bulandshahr";"Vrishti Rastogi";29;"+919046845527";4.9;1151;"1"
100119;"Anne-Gara";"Punjabi";"Bellary";"Owen Vyas";35;"2617291325";1.2;103;"0"
100120;"Chaudhuri Inc";"Andhra";"Rohtak";"Sai Karnik";28;"9650813668";1.8;1969;"0"
100121;"Vohra Inc";"Andhra";"Moradabad";"Lucky Grewal";54;"1073618975";2.7;524;"0"
100122;"Wason, Chauhan and Baria";"North Indian";"Sambhal";"Chatura Bedi";26;"08496605883";3.7;519;"0"
100123;"Ray Inc";"Rajasthani";"Saharanpur";"Ucchal Naidu";44;"9198732821";3.9;311;"1"
100124;"Zachariah, Dixit and Sastry";"Gujarati";"Thiruvananthapuram";"Meghana Gour";28;"9565317064";2.4;1698;"1"
100125;"Sagar, Boase and Tiwari";"North Indian";"Karawal Nagar";"Aadhya Raju";49;"5834200597";1.5;4268;"0"
100126;"Gupta-Tiwari";"Kerala";"Bhilai";"Vedika Kalita";49;"+918859187888";1.6;2376;"0"
100127;"Narain-Bhatt";"Karnataka";"Giridih";"Balvan Patil";56;"0323719942";3.7;600;"0"
100128;"Chacko, Bhalla and Iyer";"Punjabi";"Bhiwani";"Yashvi Purohit";31;"+910336850103";2.6;2634;"0"
100129;"Bhalla Group";"North Indian";"Bikaner";"Qadim Singh";57;"+919001806261";3.3;2260;"1"
100130;"Bail Group";"Andhra";"Sangli-Miraj & Kupwad";"Balhaar Zacharia";51;"5079652884";2.0;2174;"0"
100131;"Dewan LLC";"Andhra";"Karawal Nagar";"Pushti Sarna";26;"09665561355";1.1;4582;"1"
100132;"Sani-Apte";"Rajasthani";"Nanded";"Ekansh Bedi";30;"6561838946";3.7;4211;"0"
100133;"Contractor Group";"Bengali";"Ajmer";"Chaitanya Chandra";47;"+918930645349";2.7;4452;"0"
100134;"Shukla and Sons";"Maharashtrian";"Gwalior";"Tanish Raval";20;"7421016419";2.6;3046;"0"
100135;"Sarin, Jhaveri and Bath";"Odisha";"Mangalore";"Samarth Sant";52;"8036525957";2.6;4376;"1"
100136;"Kunda PLC";"Karnataka";"Gandhinagar";"Jatin Pillay";21;"9975512335";3.0;3574;"1"
100137;"Raghavan, Sachar and Jha";"Maharashtrian";"Coimbatore";"Jeremiah Dhingra";31;"+912788763721";1.2;2418;"1"
100138;"Kala-Tata";"Karnataka";"Nagaon";"Gaurangi Thaman";31;"+916279697501";1.7;4464;"0"
100139;"Lal, Kapoor and Kashyap";"Gujarati";"Tadipatri";"Ojas Misra";40;"03776323146";2.9;3401;"1"
100140;"Purohit, Jain and Bawa";"Andhra";"Durgapur";"Ekaraj Narula";41;"+910721643755";4.6;1029;"0"
100141;"Parekh LLC";"South Indian";"Raebareli";"Udant Garde";58;"+915507126273";2.7;3464;"1"
100142;"Radhakrishnan, Vaidya and Brar";"Rajasthani";"Shimla";"Waida Vohra";34;"+910521401598";2.6;4063;"1"
100143;"Rastogi-Barman";"Punjabi";"Jalna";"Rajata Bath";24;"+919274550791";1.1;2288;"0"
100144;"Kohli-Nath";"Goan";"Kalyan-Dombivli";"Wishi Golla";34;"+915270595155";4.5;513;"0"
100145;"Lala PLC";"Karnataka";"Rajahmundry";"Mitali Shah";59;"5273096349";2.8;2092;"1"
100146;"Gour LLC";"South Indian";"Kumbakonam";"Manan Lad";25;"+913098568302";2.6;3514;"1"
100147;"Narasimhan, Deep and Dua";"Tamil";"Raiganj";"Yoshita Prashad";45;"+914071577230";1.3;270;"0"
100148;"Nadkarni-Om";"Andhra";"Rampur";"Ekiya Pant";42;"8905147267";1.4;4096;"1"
100149;"Dora-Lad";"Rajasthani";"Raichur";"Vedika Mitra";30;"+915441134963";4.5;641;"1"
100150;"Sama, Kunda and Korpal";"Bihari";"Bathinda";"Yauvani Dalal";55;"05284132908";3.2;2943;"1"
100151;"Mody, Mukherjee and Din";"Odisha";"Sambalpur";"Vedika Doctor";58;"+912467679201";3.3;1170;"0"
100152;"Batra, Mukhopadhyay and Apte";"Andhra";"Agra";"Pavani Dani";21;"09030590680";1.9;2274;"1"
100153;"Mody PLC";"Tamil";"Srinagar";"Imaran Vaidya";53;"+914328212550";1.2;1609;"1"
100154;"Varughese PLC";"Andhra";"Tiruvottiyur";"Chaaya Pal";28;"+910904904021";4.8;2506;"1"
100155;"Dube-Nadig";"Kerala";"Vijayanagaram";"Jyoti Gandhi";20;"00528417221";2.0;1726;"1"
100156;"Ravi, Bumb and Tiwari";"Andhra";"Nashik";"Hamsini Manda";41;"+912350384074";1.7;4967;"0"
100157;"Barad Ltd";"Goan";"Ranchi";"Udant Mammen";20;"08406574377";2.3;4825;"1"
100158;"Biswas-Kothari";"Odisha";"Belgaum";"Yatin Saran";41;"+912816391440";2.0;1554;"1"
100159;"Padmanabhan-Mahajan";"Goan";"Aizawl";"Timothy Buch";27;"01106800100";4.6;807;"0"
100160;"Subramanian-Palla";"Kerala";"Danapur";"Divya Goel";51;"6854713594";2.8;1698;"0"
100161;"Khosla-Char";"Tamil";"Dehri";"Inaya Nagy";37;"+910692785150";5.0;3312;"0"
100162;"Singhal, Bhat and Nair";"North Indian";"Varanasi";"Qushi Hayre";38;"+914331879769";3.7;3596;"0"
100163;"Lad, Gole and Lad";"Bengali";"Dehradun";"Logan Prasad";56;"+918108280921";3.6;352;"0"
100164;"Sastry Inc";"Bihari";"Nashik";"Logan Anne";50;"07638017764";4.9;4009;"0"
100165;"Aurora-Patil";"Bihari";"Raurkela Industrial Township";"Neha Bhatt";40;"04247330578";2.0;3455;"1"
100166;"Patil and Sons";"Karnataka";"Sikar";"Neha Barad";25;"07674641551";4.3;4141;"1"
100167;"Mukhopadhyay-Bhasin";"Bengali";"Gwalior";"Faqid Choudhry";35;"6939560182";2.9;1694;"1"
100168;"Murthy and Sons";"Goan";"Bikaner";"Diya Cherian";49;"+919919334251";2.4;1306;"1"
100169;"Tiwari and Sons";"Andhra";"Gurgaon";"Gaurang Uppal";45;"07776132020";3.7;444;"1"
100170;"De-Ganguly";"Tamil";"Surat";"Jhalak Hegde";26;"+919859191769";1.9;4637;"0"
100171;"Kalita Ltd";"Andhra";"Khammam";"Anjali Modi";32;"0270411555";1.2;3999;"1"
100172;"Vyas, Dhawan and Chowdhury";"Gujarati";"Mangalore";"Raghav Talwar";38;"5207508806";1.4;2819;"0"
100173;"Rao Inc";"Karnataka";"Gopalpur";"Yatin Batta";40;"0611893903";4.9;2058;"1"
100174;"Tella-Sem";"Bihari";"Thrissur";"Lila Natarajan";38;"+915259793215";2.7;3903;"1"
100175;"Ravi-Gill";"Kashmiri";"Dhanbad";"Harshil Ramanathan";38;"+913152830015";2.7;918;"0"
100176;"Nair-Subramaniam";"Rajasthani";"Pune";"Adya Jhaveri";23;"7399155842";1.8;2886;"0"
100177;"Grewal Ltd";"Odisha";"Aizawl";"Vedant Sawhney";53;"07855350652";1.3;2507;"1"
100178;"Ramakrishnan Ltd";"Gujarati";"Kota";"Anmol Peri";51;"02514335067";2.0;3455;"1"
100179;"Nanda and Sons";"Kashmiri";"Delhi";"Aarav Shukla";42;"2246556858";3.9;3929;"0"
100180;"Tara and Sons";"Maharashtrian";"Madurai";"Rajeshri Comar";33;"07826964967";4.5;4837;"1"
100181;"Kunda-Ramesh";"North Indian";"Dhanbad";"Qasim Talwar";25;"4613160775";1.9;3764;"0"
100182;"Arya Group";"Bihari";"Sambhal";"Warinder Nayak";28;"07145486456";4.3;1225;"1"
100183;"Sarkar, Nayak and Lall";"Karnataka";"Sikar";"Falak Varghese";23;"+919440687548";3.8;4659;"1"
100184;"Doshi, Patla and Nagy";"Odisha";"Erode";"Ekalinga Setty";27;"04495383668";3.8;371;"1"
100185;"Thaker Group";"Kerala";"Tenali";"Meera Tripathi";30;"+913377309718";1.6;2219;"1"
100186;"Sodhi, Chakrabarti and Dasgupta";"South Indian";"Haldia";"Netra Bobal";47;"+919130458272";3.4;3117;"1"
100187;"Dalal, Sridhar and Wali";"Gujarati";"Kulti";"Rushil Chaudhry";47;"09497441504";2.0;4089;"0"
100188;"Parikh LLC";"Maharashtrian";"Farrukhabad";"Dev Ratti";43;"+915811247926";2.1;2217;"0"
100189;"Roy and Sons";"Kerala";"Gorakhpur";"Avni Sachdev";59;"+914432343003";1.0;878;"0"
100190;"Kurian-Sahota";"Odisha";"Chennai";"Ranveer Reddy";33;"+914919225218";4.1;877;"1"
100191;"Banik, Narain and Chauhan";"Goan";"Bhusawal";"Siddharth Anne";27;"3392769951";3.1;4735;"0"
100192;"Sankaran-Parmar";"Andhra";"Bikaner";"Ranveer Mann";56;"+917078944018";3.2;4470;"1"
100193;"Sidhu Group";"Punjabi";"Sri Ganganagar";"Advik Dutt";34;"+915451614758";1.0;3744;"0"
100194;"Zachariah, Aurora and Peri";"Kashmiri";"Imphal";"Riya Bakshi";42;"3080839045";4.9;1732;"1"
100195;"Tandon-Vala";"Maharashtrian";"Chennai";"Viraj Banerjee";30;"06398544857";4.8;2735;"1"
100196;"Comar, Vaidya and Sampath";"Andhra";"Jorhat";"Ojasvi Nagar";54;"+917777459851";4.1;4766;"1"
100197;"Sule-Kari";"Bihari";"Shivpuri";"Bakhshi Shere";27;"06184689295";4.9;3152;"1"
100198;"Chokshi-Singh";"Maharashtrian";"Gopalpur";"Mekhala Mitter";26;"04119098298";4.6;1048;"1"
100199;"Garde, Dara and Mann";"Rajasthani";"Ajmer";"Balhaar Rajan";46;"+918528261450";3.8;4543;"0"
100200;"Narula PLC";"Karnataka";"Bhatpara";"Urvashi Shanker";39;"02691718395";2.4;1727;"1"
100201;"Barad, Vig and Bath";"Punjabi";"Avadi";"Jalsa Chokshi";23;"8139251782";3.1;4580;"1"
100202;"Narang, Goda and Subramanian";"Odisha";"Bharatpur";"Anusha Sura";36;"+916301395520";1.7;1121;"1"
100203;"Rege-Balakrishnan";"Rajasthani";"Aizawl";"Anvi Saraf";39;"07749368591";3.8;2927;"0"
100204;"Rai-Kade";"Odisha";"Ambarnath";"Hema Zacharia";24;"+919825299925";2.8;365;"0"
100205;"Basak Group";"Bengali";"Ambarnath";"Girik Oommen";23;"+916339312172";1.9;167;"1"
100206;"Chaudhry, Viswanathan and Hans";"Kashmiri";"Tadepalligudem";"Gaurangi Boase";55;"8345628125";2.8;3904;"0"
100207;"Samra, Sarna and Uppal";"Bihari";"Hazaribagh";"Yashoda Din";49;"2795301634";2.2;4593;"0"
100208;"Narang Group";"Gujarati";"Jaunpur";"Harinakshi Bhargava";25;"9618579083";1.9;1621;"1"
100209;"Solanki Ltd";"Maharashtrian";"Khandwa";"Rajata Mukherjee";47;"05274428591";3.4;3855;"0"
100210;"Solanki, Chokshi and Bhargava";"Andhra";"Panihati";"Vedant Bora";39;"2022310370";4.7;486;"1"
100211;"Nagi-Wason";"Goan";"Bellary";"Kai Kaur";41;"+918207613669";3.6;2030;"1"
100212;"Ganguly Group";"Gujarati";"Sultan Pur Majra";"Aishani Gill";32;"5299474056";4.1;347;"0"
100213;"Bhagat-Pradhan";"Odisha";"Agartala";"Leela Mutti";51;"6017688877";2.6;4260;"1"
100214;"Patil, Ratta and Borde";"Bengali";"Bikaner";"Warinder Tripathi";24;"03344286840";4.7;2679;"0"
100215;"Sura Ltd";"Odisha";"Ambala";"Thomas Divan";48;"3389118420";3.1;4852;"0"
100216;"Purohit, Subramanian and Boase";"Kerala";"Ichalkaranji";"Harrison Sahni";36;"+913907370390";1.6;3031;"0"
100217;"Sen Inc";"Gujarati";"Alappuzha";"Yashvi Taneja";46;"06903364934";3.7;1627;"1"
100218;"Mani-Dhaliwal";"Tamil";"Delhi";"Manbir Kuruvilla";56;"2690507687";4.6;2480;"1"
100219;"Acharya PLC";"Bihari";"Bidhannagar";"Lila Wason";23;"8221774365";2.7;4084;"1"
100220;"Randhawa, Choudhury and Ramaswamy";"Karnataka";"Bettiah";"Yamini Chowdhury";23;"4789988956";1.3;2343;"0"
100221;"Oak, Raghavan and Gopal";"North Indian";"Bhusawal";"Bhavani Pall";42;"09136309048";2.2;333;"1"
100222;"Gade-Kaul";"Gujarati";"Baranagar";"Luke Garde";35;"7552661115";3.9;4712;"1"
100223;"Natt-Ravel";"Goan";"Dewas";"Guneet Madan";57;"+917020349592";4.9;3608;"1"
100224;"Nadkarni-Kale";"Punjabi";"Guna";"Zayyan Mishra";47;"+917873698726";1.3;3690;"0"
100225;"Hora Group";"Karnataka";"Moradabad";"Damyanti Narayan";44;"7426004932";1.8;2718;"1"
100226;"Bhargava Ltd";"Tamil";"Gangtok";"Hamsini Kala";60;"5598249432";3.7;2974;"1"
100227;"Mahal-Mistry";"Rajasthani";"Pali";"Krish Vora";40;"4477850078";1.1;4204;"0"
100228;"Bose, Mukherjee and Krish";"Gujarati";"Bhusawal";"Urishilla Kakar";52;"8392124279";4.3;1912;"0"
100229;"Atwal and Sons";"Andhra";"Aizawl";"Luke Kothari";47;"+911322024833";1.1;2722;"0"
100230;"Dey Ltd";"Kashmiri";"Ghaziabad";"Darsh Mangal";55;"6537363208";4.3;1912;"0"
100231;"Varma Ltd";"Rajasthani";"Kozhikode";"Samarth Nori";25;"1066400982";4.5;4787;"0"
100232;"Naik Ltd";"Tamil";"Thoothukudi";"Kashvi Bawa";20;"09799135868";3.4;2187;"0"
100233;"Nagy-Bhandari";"North Indian";"Jorhat";"Zarna Mishra";53;"06663457352";2.0;3703;"0"
100234;"Bora-Bhandari";"Goan";"Ludhiana";"Triveni Sarin";37;"05763150182";4.5;3169;"0"
100235;"Varty LLC";"Maharashtrian";"Bhimavaram";"Falguni Bath";24;"+913515711916";4.2;2451;"0"
100236;"Wason-Sinha";"Gujarati";"Bangalore";"Gopal Radhakrishnan";43;"+913628353056";3.7;2049;"1"
100237;"Thaman-Zachariah";"Punjabi";"Dhule";"Mitali Barad";44;"02614343315";2.6;4553;"0"
100238;"Doshi-Mody";"Karnataka";"Hyderabad";"Nikita Yogi";41;"01671137289";4.4;2554;"0"
100239;"Malhotra LLC";"Kerala";"Uluberia";"Brijesh Bera";58;"+914003648192";2.7;3406;"1"
100240;"Bhavsar PLC";"Maharashtrian";"Guwahati";"Madhav Suri";21;"06200680330";4.2;1807;"0"
100241;"Das-Sura";"Goan";"Gudivada";"Bahadurjit Nagarajan";60;"05393265725";4.7;3157;"0"
100242;"Sani, Dora and Sandhu";"Kashmiri";"Khammam";"Xiti Prasad";37;"7416572626";1.3;1524;"1"
100243;"Misra-Nazareth";"Punjabi";"Amravati";"Wahab Kohli";44;"9778959789";3.8;515;"1"
100244;"Baral-Muni";"Kashmiri";"Navi Mumbai";"Dalaja Chadha";50;"00972386562";1.0;3831;"1"
100245;"Mane Inc";"Rajasthani";"Asansol";"Radhika Cheema";39;"06959354996";3.5;1931;"1"
100246;"Rao, Dutt and Chakraborty";"Punjabi";"Parbhani";"Qasim Johal";50;"6873848461";2.6;608;"1"
100247;"Som Group";"South Indian";"Haldia";"Onveer Solanki";50;"07425912186";1.3;3014;"0"
100248;"Mani, Hari and Gour";"Kashmiri";"Udupi";"Hiral Nath";47;"+917730487690";3.9;4049;"1"
100249;"Merchant LLC";"Bengali";"Bidhannagar";"Yahvi Chaudhuri";58;"1842410612";2.6;2641;"1"
100250;"Jaggi, Mohan and Chandra";"Andhra";"Kanpur";"Yatan Khosla";30;"+915312087468";3.8;2556;"0"
100251;"Konda, Chandran and Rama";"Rajasthani";"Bhusawal";"Sneha Pal";28;"00460668633";3.0;2440;"0"
100252;"Mishra, Modi and Nath";"Andhra";"Bhatpara";"Aryan Lad";59;"03052719634";4.9;742;"0"
100253;"Uppal-Chokshi";"Maharashtrian";"Guntur";"Ryan Walia";53;"05104655921";3.0;4295;"0"
100254;"Kari, Kara and Mody";"Gujarati";"Kavali";"Balvan Singhal";58;"+911315886333";2.7;665;"0"
100255;"Panchal LLC";"Karnataka";"Bilaspur";"Januja De";50;"01942030232";2.0;4162;"0"
100256;"Pandit-Sandal";"Kashmiri";"New Delhi";"Atharv Grover";34;"4828310600";2.9;2777;"0"
100257;"Mody LLC";"Kerala";"Thoothukudi";"Turvi Kohli";44;"1621550258";3.3;2413;"0"
100258;"Borah-Viswanathan";"Karnataka";"Jamalpur";"Aarush Kota";28;"08171660609";4.4;2160;"0"
100259;"Suri Inc";"North Indian";"Delhi";"Inaya Chawla";20;"5672874782";2.1;1086;"0"
100260;"Vyas, Lanka and Bakshi";"Kashmiri";"Junagadh";"Banjeet Mody";38;"00389372435";1.9;1542;"0"
100261;"Kapur, Chakraborty and Savant";"Goan";"Raiganj";"Zehaan Wable";39;"04949482775";4.0;2046;"0"
100262;"Rai Ltd";"Rajasthani";"Kurnool";"Jagat Sharma";40;"04885421119";4.9;1691;"0"
100263;"Biswas, Mukhopadhyay and Patel";"North Indian";"Raebareli";"Jacob Choudhary";40;"5557982814";2.8;897;"1"
100264;"Bhattacharyya-Savant";"Punjabi";"Hindupur";"Lucky Grewal";56;"+911929286454";3.7;4242;"0"
100265;"Dara, Malhotra and Hayre";"Rajasthani";"Patna";"Lakshmi Sinha";35;"0249420604";1.5;2165;"1"
100266;"Bhandari Group";"Bengali";"Lucknow";"Ansh Parmar";46;"3860416157";2.3;2485;"1"
100267;"Palla, Mander and Tank";"Maharashtrian";"Ozhukarai";"Benjamin Dey";51;"5701604578";2.2;4131;"1"
100268;"Toor-Kata";"Kerala";"Jammu";"Indali Prakash";24;"8107940665";4.1;236;"0"
100269;"Mammen, Tak and Manne";"Maharashtrian";"Anantapur";"Rachit Subramanian";45;"+913402532881";4.9;4000;"1"
100270;"Pal-Soman";"Bihari";"Anantapuram";"Lavanya Jhaveri";29;"05532430582";4.3;3463;"0"
100271;"Hora-Brar";"Rajasthani";"Orai";"Panini Krish";20;"09683876159";3.0;236;"0"
100272;"Thaker-Wason";"Goan";"Medininagar";"Gaurav Chopra";35;"3671520655";2.9;1946;"1"
100273;"Thakur-Chander";"Punjabi";"Solapur";"Yutika Murty";32;"8574886674";3.3;450;"1"
100274;"Maharaj Inc";"Kashmiri";"Chapra";"Aahana Deshpande";46;"+919781738774";1.5;3321;"1"
100275;"Soni-Mangal";"Rajasthani";"Bongaigaon";"Janaki Kakar";35;"9825410310";1.7;4742;"1"
100276;"Dutta LLC";"Karnataka";"Kozhikode";"Aradhana Upadhyay";34;"05771269340";3.4;519;"0"
100277;"Bhargava and Sons";"Maharashtrian";"South Dumdum";"Sanya Vora";58;"+910138288735";3.3;4247;"0"
100278;"Hayer LLC";"Karnataka";"Bangalore";"Dipta Tailor";60;"4789459128";2.2;3889;"0"
100279;"Suresh Inc";"Rajasthani";"Dindigul";"Simon Chakrabarti";22;"00415721429";5.0;3366;"1"
100280;"Sheth Inc";"Bihari";"Hindupur";"Gunbir Chakraborty";37;"03421579352";1.2;696;"0"
100281;"Goyal, Cheema and Shukla";"Odisha";"Amaravati";"Nikita Kuruvilla";28;"+913819252344";2.8;3561;"1"
100282;"Gaba PLC";"Bihari";"South Dumdum";"Nitesh Lad";57;"8971134475";3.0;3731;"1"
100283;"Sodhi, Kota and Amble";"Andhra";"Vasai-Virar";"Kritika Sibal";51;"+916700497748";2.1;4025;"1"
100284;"Kakar Inc";"Andhra";"Kadapa";"Frederick Srinivas";31;"2975184011";3.7;153;"0"
100285;"Ganguly-Gade";"Gujarati";"Visakhapatnam";"Ladli Wali";57;"+910132937732";2.9;4896;"0"
100286;"Sankar, Bhakta and Sawhney";"Bihari";"Satna";"Bahadurjit Bahl";52;"5953596045";1.3;1020;"1"
100287;"Chana-Master";"Rajasthani";"Kolhapur";"Aashi Khalsa";20;"2963425680";3.2;1402;"0"
100288;"Subramanian, Gokhale and Modi";"Tamil";"Baranagar";"Shivani Narula";57;"+916190203217";4.3;3445;"1"
100289;"Batra PLC";"Maharashtrian";"Firozabad";"Saanvi Dey";48;"+917369947557";2.2;1749;"0"
100290;"Kata-Vora";"South Indian";"Bokaro";"Adya Master";32;"4518595540";1.6;3037;"1"
100291;"Raval, Madan and Virk";"Punjabi";"Amroha";"Isaiah Mahajan";27;"08059606234";1.8;1966;"1"
100292;"Prabhu-Keer";"Andhra";"Alwar";"Yashvi Magar";21;"07462898785";4.1;1738;"0"
100293;"Tank-Boase";"Maharashtrian";"Asansol";"Darsh Dora";39;"+916478843337";1.8;3712;"0"
100294;"Iyengar-Memon";"Kashmiri";"Bhiwani";"Wakeeta Chada";49;"8013713339";1.7;4770;"1"
100295;"Shenoy PLC";"Gujarati";"Panihati";"Omkaar Parekh";23;"+911755744528";3.2;3739;"0"
100296;"Ram and Sons";"Andhra";"Jabalpur";"Nikita Sant";31;"+915775988580";4.5;2862;"1"
100297;"Sur-Bhattacharyya";"Rajasthani";"Katihar";"Kashvi Bali";57;"9380677670";1.2;4349;"1"
100298;"Vyas PLC";"Punjabi";"Agartala";"Anay Khanna";45;"5413253131";4.6;4003;"0"
100299;"Kata Inc";"Kashmiri";"Pali";"Dalbir Parmar";28;"+914583313553";3.7;3923;"1"
100300;"Nath, Pall and Sarma";"Odisha";"Jalgaon";"Vasatika Shankar";58;"04404439476";3.5;4743;"0"
100301;"Lanka, Vyas and Upadhyay";"Tamil";"Latur";"Utkarsh Agate";30;"01420028762";3.4;3792;"0"
100302;"Amble LLC";"Punjabi";"Patna";"Maanav Raval";21;"00711729637";4.7;186;"0"
100303;"Dhawan-Pandey";"Tamil";"Raichur";"Banjeet Tank";51;"8933950047";4.0;4563;"1"
100304;"Randhawa and Sons";"Rajasthani";"Phagwara";"Advik Sabharwal";33;"3093054054";1.4;1841;"1"
100305;"Walla-Bajaj";"Bihari";"Khammam";"Umang Thakkar";25;"1040850630";2.0;4746;"1"
100306;"Malhotra Inc";"Punjabi";"Bhusawal";"Zashil Basu";60;"9095062722";4.8;4619;"0"
100307;"Sastry Ltd";"Gujarati";"Sirsa";"Dayamai Dugar";51;"04230920312";4.3;4361;"0"
100308;"Dhawan-Khare";"North Indian";"Aizawl";"George Patla";20;"07854567143";4.2;4223;"0"
100309;"Mitter-Kumer";"South Indian";"Silchar";"Yamini Savant";40;"+914462802403";2.5;4312;"1"
100310;"Memon, Srinivas and Panchal";"Rajasthani";"Dhule";"Ethan Sachdeva";58;"1320142201";2.9;2363;"0"
100311;"Dutt-Sura";"Gujarati";"Motihari";"Imaran Deshmukh";27;"04559538807";1.5;4010;"1"
100312;"Swaminathan-Naidu";"Gujarati";"Tinsukia";"Hardik Din";50;"0211481273";4.7;1251;"0"
100313;"Borra, Chandra and Gupta";"Kashmiri";"Chandrapur";"Ekani Padmanabhan";56;"09879538690";1.4;3224;"1"
100314;"Tailor, Sanghvi and Babu";"Odisha";"Tirunelveli";"Megha Hans";30;"05650283272";4.5;3779;"1"
100315;"Gulati-Murty";"North Indian";"Ranchi";"Eta Chad";44;"4858857118";2.8;2543;"1"
100316;"Sarin-Mallick";"Punjabi";"Kharagpur";"Yash Mitter";39;"1773351661";1.1;505;"0"
100317;"Saini, Hari and Gala";"Bihari";"Purnia";"Mitesh Kumer";24;"00308811963";3.4;4428;"0"
100318;"Bhakta-Bhatt";"Karnataka";"Gandhidham";"Madhavi Nori";25;"03238324951";2.6;2461;"0"
100319;"Magar, Bath and Gill";"Maharashtrian";"Farrukhabad";"Daniel Tandon";34;"+917189855207";3.5;248;"0"
100320;"Swaminathan-Chana";"Rajasthani";"Narasaraopet";"Ryan Jaggi";58;"+911699784716";2.1;3059;"0"
100321;"Bhargava, Minhas and Devan";"Rajasthani";"Imphal";"Tejas Singhal";36;"9453019878";1.6;4409;"0"
100322;"Jain-Balakrishnan";"Bengali";"Parbhani";"Aarnav Hayer";60;"+913896469313";4.9;896;"1"
100323;"Narasimhan Ltd";"Odisha";"Ajmer";"Qasim Kurian";24;"+910716253228";4.4;1641;"1"
100324;"Cheema, Vasa and Gupta";"Bihari";"Malda";"Kabir Dhar";31;"01032786613";2.0;1888;"1"
100325;"Chaudhuri and Sons";"Bihari";"Dharmavaram";"Noah Prakash";44;"2017675958";2.7;3296;"1"
100326;"Pradhan, Mahal and Chawla";"Gujarati";"Jaunpur";"Meghana Desai";39;"00800099724";1.1;2983;"1"
100327;"Dass LLC";"Gujarati";"Chandrapur";"Nandini Tata";41;"8482919976";2.6;2819;"0"
100328;"Chhabra LLC";"Punjabi";"Jammu";"Charvi Bhatia";32;"+914097663405";3.2;1243;"0"
100329;"Dass-Rattan";"Punjabi";"Pudukkottai";"Qarin Chana";48;"4252051439";4.1;1646;"0"
100330;"Biswas, Vohra and Shetty";"Tamil";"Jalna";"Janaki Dutta";38;"+917796766280";2.0;4432;"1"
100331;"Tara Inc";"Tamil";"Silchar";"Luke Kala";50;"3142514863";3.9;4716;"1"
100332;"Palla LLC";"Bihari";"Hubli–Dharwad";"Priya Biswas";55;"5402047907";2.9;3555;"1"
100333;"Shetty, Doshi and Shukla";"Bihari";"Danapur";"Nihal Patla";34;"+916007100467";4.8;3062;"1"
100334;"Memon-Kunda";"Odisha";"Panvel";"Dhruv Mitter";52;"00872459830";5.0;4767;"0"
100335;"Bajwa-Narayanan";"Odisha";"Jalgaon";"Omisha Patil";22;"+912545181280";3.8;3280;"0"
100336;"Bhagat, Kannan and Gill";"Bengali";"Kumbakonam";"Hitesh Zachariah";44;"02612052637";1.5;397;"0"
100337;"Hayre-Balasubramanian";"South Indian";"Asansol";"Pavani Dora";22;"2743813804";1.2;1053;"0"
100338;"Sur Ltd";"Odisha";"Nandyal";"Rayaan Chana";47;"1139771456";3.8;2443;"0"
100339;"Rastogi-Kara";"Kashmiri";"Kottayam";"Vyanjana Shenoy";58;"+915554947592";1.5;1482;"0"
100340;"Shenoy-Jaggi";"South Indian";"Pallavaram";"Atharv Pradhan";48;"+919138880339";3.3;4561;"0"
100341;"Shanker, Patla and Kaur";"Karnataka";"Narasaraopet";"Balvan Sundaram";36;"6845152900";3.2;1178;"1"
100342;"Nadig-Bala";"Odisha";"Pimpri-Chinchwad";"Owen Dyal";54;"+912871904680";4.1;4311;"0"
100343;"Chadha-Padmanabhan";"Gujarati";"Etawah";"Fiyaz Thaman";25;"+917994162061";1.4;4147;"1"
100344;"Sodhi-Dugar";"Goan";"Amravati";"Aarini Khanna";56;"+912015439917";2.9;862;"0"
100345;"Gola and Sons";"Tamil";"Pallavaram";"Kavya Chadha";53;"0166132885";3.7;3907;"0"
100346;"Kala-Sant";"Gujarati";"Deoghar";"Mahika Dash";38;"04302177747";2.8;4312;"0"
100347;"Narayanan and Sons";"Odisha";"Panipat";"Kashish Swaminathan";46;"8833509272";4.6;2205;"1"
100348;"Kapadia, Dhar and Sehgal";"Punjabi";"Vellore";"Bhavini Seshadri";44;"07423704967";2.7;4740;"0"
100349;"Nagar, Kara and Kari";"North Indian";"Maheshtala";"Siddharth Memon";29;"6013524965";3.1;353;"1"
100350;"Baria Inc";"Kerala";"North Dumdum";"Vasana Nagar";41;"4514184993";2.3;1898;"0"
100351;"Ratti LLC";"South Indian";"Machilipatnam";"Charita Lad";41;"+916741418601";3.4;600;"1"
100352;"Gade, Boase and Tripathi";"North Indian";"Rajahmundry";"Radha Sankaran";48;"8099830420";4.8;166;"1"
100353;"Chokshi Inc";"Maharashtrian";"Noida";"Edhitha Bobal";35;"9500844251";3.7;4574;"1"
100354;"Bhatt-Bhatia";"Maharashtrian";"Kadapa";"Timothy Tella";40;"01829537909";2.7;1469;"0"
100355;"Srinivasan, Bahl and Memon";"Andhra";"Guwahati";"Ira Chaudhuri";31;"0785180301";2.3;3636;"1"
100356;"Modi, Sankaran and Shere";"Andhra";"Indore";"Timothy Som";51;"+915646604070";3.5;4892;"0"
100357;"Pant, Pillay and Deol";"Gujarati";"Thrissur";"Gaurika Hari";59;"05901818994";4.2;225;"0"
100358;"Chokshi, Gade and Rout";"Odisha";"Jorhat";"Zayan Halder";23;"0061883609";4.8;964;"1"
100359;"More, Apte and Chauhan";"Andhra";"Shahjahanpur";"Pooja Loyal";48;"+916455794432";4.0;4222;"1"
100360;"Chada-Vyas";"Tamil";"Jhansi";"Geetika Bhatt";27;"8040421256";2.9;1598;"1"
100361;"Samra PLC";"South Indian";"Farrukhabad";"Balendra Pall";37;"+911122406834";1.4;4568;"1"
100362;"Bumb-Batra";"South Indian";"Rewa";"Manbir Khurana";25;"9649953748";3.3;4191;"1"
100363;"Sahota Inc";"Maharashtrian";"Erode";"Amara Sarin";60;"8971651652";2.8;1750;"1"
100364;"Manda-Mital";"North Indian";"Dhule";"Harish Ram";53;"+916551614175";4.4;2460;"0"
100365;"Datta PLC";"Gujarati";"Tiruvottiyur";"Amara Oommen";29;"07555501399";2.3;958;"0"
100366;"Madan-Master";"South Indian";"Hazaribagh";"Jyoti Kamdar";58;"+914200664316";2.9;1312;"0"
100367;"Rattan-Bala";"Tamil";"Ballia";"Kavya Mahajan";22;"00222198982";1.8;2782;"0"
100368;"Rattan-Deol";"South Indian";"Ballia";"Balveer Roy";48;"6595619591";1.2;4525;"0"
100369;"Chhabra, Nigam and Purohit";"Karnataka";"Chinsurah";"Samarth Kade";50;"+914734601459";4.8;432;"1"
100370;"Bir Inc";"North Indian";"Jaunpur";"Kevin Raval";54;"03657019569";1.8;3750;"1"
100371;"Arya-Koshy";"Maharashtrian";"Dibrugarh";"Vrinda Bumb";58;"+914811382608";2.1;437;"1"
100372;"Sami-Bir";"Gujarati";"Ramgarh";"Ekta Peri";38;"+916276575026";5.0;2295;"1"
100373;"Sant, Kala and Kurian";"Rajasthani";"Mumbai";"Ria Srinivas";45;"+914800487383";4.0;758;"1"
100374;"Date Ltd";"Rajasthani";"Kalyan-Dombivli";"Rishi Mistry";47;"7665288767";2.4;3881;"1"
100375;"Venkatesh-Nath";"Tamil";"Bhilwara";"Vinaya Khare";49;"5015019003";2.0;4726;"0"
100376;"Tandon LLC";"Rajasthani";"Jabalpur";"Omaja Nigam";36;"05652657051";1.6;4305;"0"
100377;"Sama-Vig";"Odisha";"Nandyal";"Amaira Bhakta";30;"+916170788407";2.9;1086;"1"
100378;"Varughese-Dara";"South Indian";"Raipur";"Dipta Jaggi";53;"+917963568236";3.7;2747;"1"
100379;"Kata, Maharaj and Wagle";"Karnataka";"Gulbarga";"Lipika Venkatesh";57;"00930119577";2.9;2340;"1"
100380;"Behl, Parekh and Prakash";"Bengali";"Pondicherry";"Christopher Doctor";52;"07505483575";1.6;1278;"0"
100381;"Dugal, Apte and Chandra";"Maharashtrian";"Hindupur";"Arin Karpe";45;"08673869839";2.2;4607;"0"
100382;"Dugal, Pant and Sachdev";"Gujarati";"Amritsar";"Anthony Sharma";52;"00243651605";4.8;2502;"1"
100383;"Subramaniam-Ben";"North Indian";"Ujjain";"Jagat Kapadia";23;"+915198608035";1.4;3429;"0"
100384;"Lal, Ram and Nair";"Tamil";"Khandwa";"Lipika Kaul";40;"02047390460";2.8;3614;"1"
100385;"Mammen, Shenoy and Parikh";"Bengali";"Bijapur";"Yadavi Walia";52;"+917487135188";2.3;3156;"0"
100386;"Talwar Inc";"Goan";"Bhiwandi";"Kamala Varty";56;"05760244321";3.3;3300;"0"
100387;"Ahluwalia and Sons";"Rajasthani";"Alwar";"Tara Garde";55;"+917716504863";4.7;1633;"1"
100388;"Pant-Tank";"Odisha";"Proddatur";"Mitali Bakshi";54;"00117104205";1.5;204;"1"
100389;"Khare Ltd";"Kerala";"Karimnagar";"Vrishti Ray";20;"01375954552";3.2;1248;"0"
100390;"Issac, Thaman and Date";"Tamil";"Mirzapur";"Meera Chokshi";51;"7855482050";3.5;2002;"1"
100391;"Jayaraman-Padmanabhan";"Goan";"Secunderabad";"Gayathri Edwin";51;"7625188159";1.9;3662;"0"
100392;"Kurian-Gade";"Maharashtrian";"Suryapet";"Bachittar Bumb";59;"+912254624882";1.1;190;"1"
100393;"Sampath-Gopal";"Tamil";"Chittoor";"Vasudha Sood";21;"0352070244";3.8;2753;"1"
100394;"Muni-Srinivas";"Andhra";"Coimbatore";"Ekantika Nair";23;"1793498014";2.9;2173;"1"
100395;"Deshmukh-Walla";"Bihari";"Srinagar";"Reyansh Parmer";32;"+911143366781";3.2;1959;"1"
100396;"Kapur-Garg";"South Indian";"Bellary";"Wyatt Gill";53;"+917680423865";2.3;2651;"0"
100397;"Wason, Nayar and Gour";"Bihari";"Mango";"Tanish Shan";41;"03676514240";1.4;884;"1"
100398;"Verma-Bobal";"South Indian";"Ujjain";"Ishaan Thakkar";32;"+918462757279";1.9;3073;"0"
100399;"Pingle Ltd";"Odisha";"Bidar";"Isaiah Bobal";37;"+919413884500";3.8;4327;"1"
100400;"Bhagat, Dua and Bhat";"Andhra";"Haridwar";"Brinda Bhatt";29;"08988650851";2.8;3232;"0"
100401;"Gaba, Vala and Kale";"Bihari";"Bihar Sharif";"Prisha Subramaniam";38;"09428673238";1.5;796;"1"
100402;"Pant, Ramakrishnan and Parmer";"North Indian";"Rajpur Sonarpur";"Yasti Pal";50;"+910418661562";3.3;2592;"1"
100403;"Gandhi-Kurian";"Kerala";"Mathura";"Yahvi Vala";48;"+910728478804";2.4;2797;"1"
100404;"Pandey Inc";"Maharashtrian";"Shahjahanpur";"Pranav Manda";43;"00692625576";2.9;4666;"1"
100405;"Buch, Tank and Ramanathan";"Tamil";"Shimoga";"Vasatika Badal";52;"+918053745166";4.8;2952;"0"
100406;"Dhillon-Borde";"Maharashtrian";"Bihar Sharif";"Libni Keer";55;"8825676322";1.4;752;"0"
100407;"Nanda, Badami and Bail";"Goan";"Jalgaon";"Anthony Mahajan";42;"5572877482";2.3;3936;"1"
100408;"Varughese-Aggarwal";"Bihari";"Ongole";"Forum Garg";29;"05918521147";1.6;694;"1"
100409;"Sarraf, Rajagopalan and Borde";"Andhra";"Karnal";"Champak Sheth";54;"+912014597030";2.8;1906;"1"
100410;"Sarkar Ltd";"Karnataka";"Patiala";"Om Natt";23;"+912405710391";2.3;774;"1"
100411;"Seth PLC";"Tamil";"Bhusawal";"Lucky Kunda";45;"6758877560";4.9;1796;"0"
100412;"Dua Ltd";"Punjabi";"Mira-Bhayandar";"Suhani Krish";59;"03998701570";1.8;4242;"0"
100413;"Kant LLC";"Bihari";"Nizamabad";"Ekavir Wagle";46;"06174051776";1.5;3495;"0"
100414;"Viswanathan, Sankar and Venkataraman";"Maharashtrian";"Bijapur";"Chanakya Sandal";48;"03647672835";2.3;2452;"0"
100415;"Ahuja, Kibe and Rout";"Odisha";"Chandrapur";"Hardik Chadha";60;"+913773232701";2.8;2442;"0"
100416;"Rattan and Sons";"Odisha";"Munger";"Raagini Chakraborty";28;"6447027773";3.7;1837;"1"
100417;"Doshi-Ahluwalia";"Gujarati";"Pali";"Daksh Bandi";45;"08323985024";5.0;1605;"1"
100418;"Setty-Manda";"Goan";"Gulbarga";"Irya Tandon";60;"01800455037";3.7;487;"0"
100419;"Bora Inc";"Bihari";"Faridabad";"Ojasvi Baral";22;"8292338968";1.6;3741;"0"
100420;"Mittal, Shukla and Kamdar";"South Indian";"Nizamabad";"Kevin Raman";43;"6793042106";2.1;4654;"1"
100421;"Kadakia-Bhat";"Odisha";"Muzaffarnagar";"Aashi Gupta";56;"3572629234";2.5;2703;"0"
100422;"Chaudhuri PLC";"Bengali";"Tadepalligudem";"Vansha Bains";22;"09513646485";2.2;1492;"1"
100423;"Badami, Wable and Saraf";"Odisha";"Ahmedabad";"Advaith Tiwari";25;"+918252032140";2.3;4635;"0"
100424;"Manda LLC";"South Indian";"Jamshedpur";"Timothy Bala";20;"4784299110";3.0;2929;"0"
100425;"Bhavsar, Oommen and Bakshi";"South Indian";"Ghaziabad";"Jagrati Seshadri";57;"8721046157";4.1;3712;"0"
100426;"Agarwal Inc";"Tamil";"Nagpur";"Om Vaidya";55;"1644262561";4.8;4095;"1"
100427;"Barad-Dugar";"Tamil";"Khandwa";"Warda Kata";59;"08040780200";2.3;2092;"1"
100428;"Kata, Mall and Yadav";"North Indian";"Bilaspur";"Michael Murthy";37;"+918349111487";2.7;457;"1"
100429;"Buch Group";"Punjabi";"Kurnool";"Reyansh Saxena";48;"04929089873";3.1;556;"0"
100430;"Srinivas-Lata";"Rajasthani";"Dhule";"Farhan Deshpande";59;"+912506518443";4.6;2432;"1"
100431;"Shanker Ltd";"Odisha";"Phusro";"Qarin Manne";20;"+914893778158";5.0;3272;"0"
100432;"Naidu LLC";"South Indian";"Vadodara";"Oviya Upadhyay";28;"05677879191";4.9;2411;"0"
100433;"Talwar-Chaudhuri";"Gujarati";"Indore";"Chanchal Verma";41;"05281812789";1.5;4703;"0"
100434;"Mukherjee Group";"South Indian";"Bhatpara";"Jeet Sinha";42;"2523845660";3.5;1372;"0"
100435;"Mittal-Khalsa";"Andhra";"Ujjain";"Bina Ratti";21;"3797584821";2.4;4007;"0"
100436;"Shanker LLC";"Kashmiri";"Sambhal";"Pushti Venkataraman";57;"4522550081";2.7;369;"1"
100437;"Rajagopal, Edwin and Nazareth";"Andhra";"Vellore";"Sanaya Shanker";41;"07220974395";4.4;760;"0"
100438;"Manne-Mohanty";"North Indian";"Sambhal";"Lajita Gopal";56;"+913965901399";1.9;2871;"0"
100439;"Mukherjee, Gopal and Roy";"Maharashtrian";"Bhalswa Jahangir Pur";"Meghana Din";58;"1152720498";3.0;1133;"0"
100440;"Rajagopalan-Pandit";"North Indian";"Jamshedpur";"Finn Tak";43;"7663960872";4.5;1271;"1"
100441;"Chowdhury Group";"Punjabi";"Parbhani";"Zayyan Shroff";28;"7429840216";5.0;293;"1"
100442;"Merchant, Chaudhry and Bora";"Andhra";"Thrissur";"Tripti Borde";57;"+914153351131";1.5;192;"1"
100443;"Tata-Narayan";"Gujarati";"Pondicherry";"Vasudha Kunda";36;"07874785739";1.3;1245;"0"
100444;"Tripathi, Shere and Sarraf";"Punjabi";"Gandhidham";"Lakshit Behl";35;"2362291849";3.7;1095;"0"
100445;"Patel Inc";"Goan";"Nagercoil";"Jhalak Kata";47;"2313304617";3.3;1994;"0"
100446;"Pillai PLC";"Bengali";"Jamshedpur";"Aryan Wable";25;"08168530804";4.1;193;"1"
100447;"Dutt, Hans and Issac";"Kashmiri";"Sasaram";"Faraj Yogi";22;"7520266945";2.0;3782;"0"
100448;"Dugar-Srinivasan";"Tamil";"Unnao";"Vritti Sharaf";22;"+919032022217";3.9;4371;"0"
100449;"Singh-Deshmukh";"Bengali";"Hajipur";"Yashvi Bera";57;"+910406628363";2.3;2471;"0"
100450;"Narayan-Sura";"North Indian";"Panvel";"Abeer Kamdar";32;"00067573679";1.3;1223;"0"
100451;"Raj, Taneja and Rattan";"Karnataka";"Aligarh";"Ekta Dubey";33;"03004435345";2.9;399;"0"
100452;"Lad Ltd";"Kerala";"Buxar";"Chameli Dayal";44;"+913889214678";3.8;2232;"1"
100453;"Biswas-Saini";"Goan";"Jamshedpur";"Meghana Virk";22;"2151404250";4.8;660;"1"
100454;"Sarin-Raja";"Maharashtrian";"Saharanpur";"Dalaja Koshy";23;"7733578917";1.3;4796;"0"
100455;"Hayer-Sur";"Goan";"Raurkela Industrial Township";"Laban Keer";34;"09323279556";1.6;431;"1"
100456;"Chatterjee, Panchal and Mahal";"Kashmiri";"Dibrugarh";"Yashasvi Khare";45;"4420364830";3.7;535;"1"
100457;"Suri-Radhakrishnan";"Bengali";"Ahmedabad";"Priya Bassi";33;"+913972473076";3.9;2524;"1"
100458;"Saran-Patel";"Maharashtrian";"Malegaon";"Chaaya Batta";24;"01482930992";4.8;136;"1"
100459;"Divan, Pathak and Pillai";"North Indian";"Ambattur";"Nidhi Keer";48;"1643051070";3.5;149;"1"
100460;"Sur-Grewal";"Gujarati";"Siliguri";"Aadi Ghose";27;"9245688823";3.7;2200;"1"
100461;"Mohanty, Sagar and Dhingra";"Tamil";"Davanagere";"Rishi Chand";47;"1185036874";3.8;3592;"1"
100462;"Gokhale, Minhas and Nadig";"Kerala";"Eluru";"Raksha Subramaniam";38;"09035092332";4.4;4721;"0"
100463;"Bakshi, Pau and Borde";"Punjabi";"Deoghar";"Onkar Ram";55;"00032505680";3.9;2681;"1"
100464;"Balakrishnan, Bahl and Peri";"Gujarati";"Amaravati";"Anmol Gade";39;"+918309718802";1.2;1318;"0"
100465;"Kadakia Ltd";"Gujarati";"Bilaspur";"Maya Sangha";40;"09655613069";1.8;440;"1"
100466;"Anand PLC";"Odisha";"Buxar";"Orinder Murty";36;"+910967122845";3.4;2202;"1"
100467;"Chokshi-Sinha";"Gujarati";"Ozhukarai";"Janani Samra";40;"4540686514";3.3;3209;"0"
100468;"Balakrishnan, Gole and Iyengar";"North Indian";"Shimla";"Madhavi Salvi";34;"5646157324";4.1;1727;"0"
100469;"Barman Group";"Bihari";"Jehanabad";"Nirja Swaminathan";47;"03270440365";4.1;168;"0"
100470;"Ramakrishnan, Rao and Johal";"Tamil";"Bhalswa Jahangir Pur";"Yadavi Upadhyay";53;"7204268627";3.3;4544;"1"
100471;"Halder, Badami and Singh";"Andhra";"Karnal";"Netra Wable";21;"08721437119";2.3;3274;"1"
100472;"Hegde Ltd";"South Indian";"Ranchi";"Dhriti Kapoor";60;"5710119114";3.8;1486;"1"
100473;"Kulkarni-Grover";"Tamil";"Ludhiana";"Lipika Nagi";53;"08837244619";1.4;2596;"1"
100474;"Sama, Saha and Krishnan";"Rajasthani";"Lucknow";"Oeshi Barad";24;"+918099820947";4.9;704;"1"
100475;"Prabhakar-Chatterjee";"Kashmiri";"Bhalswa Jahangir Pur";"Ekaraj Dua";45;"9332583632";3.2;1471;"1"
100476;"Panchal, Sridhar and Mahajan";"Karnataka";"Motihari";"Eta Krish";26;"+918913913368";1.1;3068;"1"
100477;"Misra Ltd";"Karnataka";"Karawal Nagar";"Shivansh Ganguly";48;"00883883708";3.7;3816;"1"
100478;"Singh PLC";"South Indian";"Guwahati";"Jagdish Comar";27;"06069165259";4.2;1677;"0"
100479;"Gola-Patla";"Tamil";"Jalgaon";"Samaksh Reddy";23;"8236240313";2.3;2467;"0"
100480;"Dugar Inc";"Goan";"Jaipur";"Ansh Bhavsar";36;"6252781084";3.3;4513;"0"
100481;"Pathak, Ghose and Modi";"Andhra";"Bhind";"Chandresh Dey";49;"+914600780705";4.6;2199;"1"
100482;"Virk, Bawa and Subramanian";"Goan";"Bokaro";"Utkarsh Bala";44;"7600537391";2.2;413;"1"
100483;"Kibe, Naik and Dugar";"Kerala";"Mehsana";"Gabriel Handa";55;"05739630471";3.8;694;"1"
100484;"Khosla-Konda";"Kerala";"Suryapet";"Liam Bhandari";56;"+913900503722";2.8;399;"1"
100485;"Sachar LLC";"Odisha";"Hubli–Dharwad";"Michael Saran";27;"00473202702";2.6;1822;"1"
100486;"Rege, Rajagopalan and Bhatt";"Tamil";"Bhopal";"Abeer Raghavan";35;"3090429498";4.5;2924;"0"
100487;"Kohli, Tank and Krishnan";"Kashmiri";"Bhimavaram";"Chasmum Baria";41;"3130820267";4.6;4838;"0"
100488;"Dugal, Bumb and Sood";"Kashmiri";"Ichalkaranji";"Lila Raman";40;"+918388675669";4.4;3572;"1"
100489;"Goyal, Sheth and Agrawal";"Karnataka";"Belgaum";"Tanish Kata";22;"+911327043371";4.6;272;"0"
100490;"Ramakrishnan-Ray";"Goan";"Allahabad";"Mitali Mall";30;"8428291363";5.0;2054;"1"
100491;"Cherian Inc";"Kerala";"Morbi";"Jasmit Dey";49;"+915896805997";1.4;4105;"0"
100492;"Loke and Sons";"Karnataka";"Panvel";"Vivaan Nadig";38;"+918812302401";4.6;249;"0"
100493;"Krishnan-Mody";"North Indian";"Dhanbad";"Dakshesh Saini";34;"8753080385";4.7;2742;"1"
100494;"Patla LLC";"Bihari";"Hajipur";"Radha Chatterjee";33;"+910209981183";3.8;1422;"0"
100495;"Bhasin, Ganguly and Sethi";"Bihari";"Saharsa";"Ira Hayre";22;"04609053708";1.1;1223;"1"
100496;"Thaker Inc";"Bihari";"Bareilly";"Radhika Lalla";50;"2082879524";1.5;3699;"1"
100497;"Patla-Chaudry";"Punjabi";"Kanpur";"Yochana Raval";52;"0548946627";3.5;1132;"1"
100498;"Dalal PLC";"Kashmiri";"Panchkula";"Baljiwan Banerjee";21;"+915348111536";3.5;1768;"1"
100499;"Vora-Ben";"Bihari";"Bharatpur";"Neelima Lalla";28;"02916323323";4.9;1385;"0"
